,Casualty Severity
57861,Slight
67854,Slight
4188,Slight
76039,Slight
74813,Slight
76005,Slight
21619,Slight
11412,Slight
10877,Slight
11059,Slight
78650,Slight
8795,Slight
42747,Slight
50287,Slight
39503,Slight
13042,Slight
11307,Slight
2052,Slight
5910,Slight
4199,Slight
14637,Slight
67181,Slight
42817,Slight
12432,Slight
30926,Slight
14587,Slight
86038,Slight
27574,Slight
63265,Slight
80421,Slight
18950,Slight
60433,Slight
27574,Slight
78165,Slight
21364,Slight
43851,Slight
34626,Slight
82985,Slight
27986,Slight
4955,Slight
41878,Slight
67671,Slight
43418,Slight
36936,Slight
3016,Slight
51220,Slight
83544,Slight
8588,Slight
2361,Slight
10311,Slight
20128,Slight
55553,Slight
84990,Slight
57708,Slight
80478,Slight
36858,Slight
4421,Slight
45967,Slight
84287,Slight
77405,Slight
78305,Slight
60009,Slight
69048,Slight
38451,Slight
52442,Slight
14265,Slight
46556,Slight
49658,Slight
41284,Slight
10843,Slight
2271,Slight
48786,Slight
12431,Slight
32846,Slight
34388,Slight
19030,Slight
38277,Slight
43491,Slight
43811,Slight
41874,Slight
48275,Slight
40969,Slight
14551,Slight
20663,Slight
5288,Slight
43051,Slight
35208,Slight
55541,Slight
38629,Slight
78655,Slight
65941,Slight
53005,Slight
10960,Slight
72413,Slight
87810,Slight
28132,Slight
12752,Slight
64387,Slight
57833,Slight
6105,Slight
82988,Slight
57247,Slight
72414,Slight
81632,Slight
30924,Slight
82599,Slight
19887,Slight
80624,Slight
81413,Slight
55434,Slight
35142,Slight
86904,Slight
79871,Slight
18947,Slight
63145,Slight
47835,Slight
76289,Slight
27493,Slight
5413,Slight
87799,Slight
63008,Slight
60157,Slight
66543,Slight
85807,Slight
76000,Slight
2885,Slight
4487,Slight
4487,Slight
58033,Slight
49507,Slight
67351,Slight
14265,Slight
17534,Slight
19030,Slight
43106,Slight
27622,Slight
80810,Slight
50286,Slight
81632,Slight
21699,Slight
51220,Slight
37224,Slight
52365,Slight
37081,Slight
57369,Slight
85415,Slight
58071,Slight
64206,Slight
13096,Slight
9736,Slight
57907,Slight
48251,Slight
38449,Slight
13002,Slight
47341,Slight
6104,Slight
74572,Slight
4188,Slight
6479,Slight
63580,Slight
3965,Slight
55553,Slight
15361,Slight
42595,Slight
32341,Slight
12429,Slight
52796,Slight
85195,Slight
47462,Slight
11352,Slight
13663,Slight
52403,Slight
38628,Slight
63542,Slight
82987,Slight
52795,Slight
52415,Slight
60608,Slight
38277,Slight
82576,Slight
78814,Slight
15361,Slight
20976,Slight
13929,Slight
48018,Slight
66475,Slight
51084,Slight
10844,Slight
63146,Slight
63234,Slight
57978,Slight
2083,Slight
84610,Slight
81563,Slight
15478,Slight
26229,Slight
35768,Slight
11413,Slight
35114,Slight
34023,Slight
47910,Slight
21953,Slight
27622,Slight
6471,Slight
19896,Slight
80113,Slight
43500,Slight
52363,Slight
46454,Slight
4496,Slight
74574,Slight
53020,Slight
58071,Slight
21387,Slight
55047,Slight
78164,Slight
86048,Slight
68156,Slight
84610,Slight
61158,Slight
46478,Slight
27538,Slight
47835,Slight
10194,Slight
70001,Slight
74988,Slight
34204,Slight
43327,Slight
42854,Slight
47681,Slight
16796,Slight
12016,Slight
42379,Slight
74988,Slight
85836,Slight
45581,Slight
75149,Slight
67608,Slight
78654,Slight
52866,Slight
57861,Slight
32846,Slight
66905,Slight
4384,Slight
26251,Slight
5292,Slight
27797,Slight
56648,Slight
6602,Slight
9463,Slight
21318,Slight
63877,Slight
10311,Slight
78802,Slight
19922,Slight
43127,Slight
62126,Slight
31996,Slight
28261,Slight
19028,Slight
56069,Slight
78566,Slight
10310,Slight
5142,Slight
47471,Slight
5316,Slight
30644,Slight
51084,Slight
38278,Slight
27492,Slight
13783,Slight
43808,Slight
51993,Slight
31999,Slight
58084,Slight
20331,Slight
68668,Slight
80485,Slight
5459,Slight
74988,Slight
5900,Slight
43050,Slight
54926,Slight
6443,Slight
83846,Slight
87148,Slight
35115,Slight
11060,Slight
6525,Slight
43413,Slight
20755,Slight
56508,Slight
63948,Slight
57959,Slight
6821,Slight
55553,Slight
43127,Slight
75052,Slight
36237,Slight
41877,Slight
37921,Slight
76516,Slight
9189,Slight
7203,Slight
60304,Slight
76004,Slight
84990,Slight
20888,Slight
4971,Slight
12516,Slight
56071,Slight
1385,Slight
12299,Slight
55483,Slight
28132,Slight
70004,Slight
52384,Slight
3420,Slight
27350,Slight
14500,Slight
21165,Slight
69486,Slight
88252,Slight
10242,Slight
5461,Slight
12243,Slight
55541,Slight
38837,Slight
7595,Slight
40679,Slight
26203,Slight
73320,Slight
62127,Slight
69545,Slight
41286,Slight
15634,Slight
12095,Slight
28019,Slight
41350,Slight
70062,Slight
51440,Slight
3781,Slight
52773,Slight
43777,Slight
61318,Slight
330,Slight
82601,Slight
5414,Slight
49449,Slight
41997,Slight
42871,Slight
60420,Slight
60164,Slight
82961,Slight
38275,Slight
70758,Slight
55487,Slight
3238,Slight
69051,Slight
37710,Slight
48256,Slight
40564,Slight
12698,Slight
56204,Slight
4529,Slight
47463,Slight
84287,Slight
3557,Slight
63532,Slight
22973,Slight
21408,Slight
58078,Slight
26853,Slight
43389,Slight
21618,Slight
28759,Slight
63014,Slight
25936,Slight
21418,Slight
71338,Slight
46301,Slight
75993,Slight
51369,Slight
18432,Slight
48824,Slight
62126,Slight
63265,Slight
62127,Slight
63906,Slight
75399,Slight
42297,Slight
26761,Slight
32027,Slight
21409,Slight
43319,Slight
49658,Slight
5942,Slight
31193,Slight
13430,Slight
58100,Slight
47834,Slight
82897,Slight
13864,Slight
56252,Slight
87142,Slight
69289,Slight
57628,Slight
43813,Slight
15363,Slight
26651,Slight
37547,Slight
22974,Slight
87097,Slight
66878,Slight
43155,Slight
21386,Slight
68582,Slight
42504,Slight
26231,Slight
25342,Slight
10841,Slight
25047,Slight
49449,Slight
88042,Slight
51042,Slight
58080,Slight
4955,Slight
12698,Slight
85836,Slight
47363,Slight
78794,Slight
67820,Slight
14181,Slight
33281,Slight
74723,Slight
68683,Slight
32341,Slight
80609,Slight
4498,Slight
27602,Slight
25542,Slight
34924,Slight
38826,Slight
6479,Slight
57138,Slight
77226,Slight
5899,Slight
86076,Slight
80810,Slight
79696,Slight
52468,Slight
80872,Slight
32594,Slight
42854,Slight
60493,Slight
20481,Slight
6444,Slight
75884,Slight
87150,Slight
56648,Slight
50946,Slight
16796,Slight
32800,Slight
63541,Slight
12502,Slight
78671,Slight
52517,Slight
78655,Slight
81624,Slight
5337,Slight
86911,Slight
17796,Slight
38399,Slight
47796,Slight
76002,Slight
43767,Slight
27541,Slight
61766,Slight
74572,Slight
38804,Slight
20981,Slight
42851,Slight
42870,Slight
40714,Slight
86052,Slight
82949,Slight
76918,Slight
10313,Slight
69130,Slight
69133,Slight
69479,Slight
12340,Slight
48049,Slight
63876,Slight
29642,Slight
25246,Slight
11706,Slight
66864,Slight
4549,Slight
65717,Slight
13866,Slight
17600,Slight
51219,Slight
49660,Slight
21330,Slight
4191,Slight
78659,Slight
53093,Slight
42379,Slight
3420,Slight
47902,Slight
86073,Slight
57282,Slight
51373,Slight
83845,Slight
43502,Slight
62600,Slight
38466,Slight
4156,Slight
32792,Slight
5445,Slight
3638,Slight
16878,Slight
69728,Slight
84567,Slight
70644,Slight
42000,Slight
57286,Slight
43527,Slight
39705,Slight
50946,Slight
33594,Slight
65940,Slight
48706,Slight
80421,Slight
86620,Slight
27797,Slight
64105,Slight
25344,Slight
48552,Slight
16878,Slight
35443,Slight
65717,Slight
43500,Slight
20331,Slight
5294,Slight
9484,Slight
57975,Slight
37269,Slight
27047,Slight
29773,Slight
57143,Slight
67839,Slight
37735,Slight
74974,Slight
72414,Slight
86074,Slight
13084,Slight
5297,Slight
19152,Slight
6442,Slight
82599,Slight
10705,Slight
79424,Slight
37578,Slight
18645,Slight
32591,Slight
27541,Slight
83346,Slight
69130,Slight
47363,Slight
26651,Slight
20331,Slight
82621,Slight
52652,Slight
21174,Slight
25237,Slight
3015,Slight
47460,Slight
80872,Slight
12336,Slight
50750,Slight
52194,Slight
57018,Slight
72826,Slight
55476,Slight
17542,Slight
85462,Slight
58064,Slight
28771,Slight
38453,Slight
18734,Slight
71385,Slight
60658,Slight
19427,Slight
67672,Slight
21318,Slight
66478,Slight
40297,Slight
55552,Slight
74722,Slight
65937,Slight
75883,Slight
63566,Slight
20129,Slight
64389,Slight
4556,Slight
47373,Slight
58036,Slight
85085,Slight
55146,Slight
63235,Slight
61528,Slight
73019,Slight
77227,Slight
19030,Slight
41662,Slight
38447,Slight
40564,Slight
21416,Slight
76516,Slight
67671,Slight
28019,Slight
60431,Slight
55295,Slight
69772,Slight
84943,Slight
26531,Slight
84566,Slight
66073,Slight
38838,Slight
76004,Slight
19870,Slight
42695,Slight
57261,Slight
35140,Slight
32790,Slight
5672,Slight
3529,Slight
53303,Slight
69728,Slight
14495,Slight
43823,Slight
31682,Slight
38838,Slight
53298,Slight
4426,Slight
2272,Slight
15021,Slight
41646,Slight
4018,Slight
74721,Slight
66905,Slight
25124,Slight
47835,Slight
48283,Slight
16702,Slight
26754,Slight
15637,Slight
37264,Slight
68144,Slight
46452,Slight
6601,Slight
51038,Slight
47656,Slight
8815,Slight
53039,Slight
32698,Slight
50957,Slight
29050,Slight
4556,Slight
18432,Slight
47307,Slight
48595,Slight
38628,Slight
22631,Slight
8100,Slight
37617,Slight
76338,Slight
38280,Slight
1648,Slight
48343,Slight
22772,Slight
76286,Slight
21386,Slight
86904,Slight
1764,Slight
12798,Slight
4282,Slight
25203,Slight
56816,Slight
4549,Slight
10124,Slight
69727,Slight
85033,Slight
60658,Slight
78198,Slight
35017,Slight
24725,Slight
42872,Slight
48227,Slight
13215,Slight
76144,Slight
55475,Slight
80115,Slight
87144,Slight
22098,Slight
86029,Slight
13903,Slight
19887,Slight
26651,Slight
87148,Slight
85881,Slight
43076,Slight
27805,Slight
75673,Slight
60904,Slight
6865,Slight
18518,Slight
67348,Slight
20755,Slight
11502,Slight
13991,Slight
21140,Slight
53303,Slight
37908,Slight
73275,Slight
83535,Slight
26813,Slight
20885,Slight
80669,Slight
626,Slight
42504,Slight
43682,Slight
73258,Slight
56307,Slight
82961,Slight
46634,Slight
32799,Slight
79760,Slight
43319,Slight
18995,Slight
43767,Slight
43551,Slight
37247,Slight
15021,Slight
25669,Slight
80624,Slight
87142,Slight
62129,Slight
55147,Slight
56096,Slight
66476,Slight
82025,Slight
56816,Slight
55048,Slight
20619,Slight
40823,Slight
25248,Slight
74976,Slight
80872,Slight
32471,Slight
66485,Slight
19179,Slight
7497,Slight
43762,Slight
83535,Slight
6472,Slight
55043,Slight
47375,Slight
5240,Slight
34042,Slight
33858,Slight
67351,Slight
39035,Slight
61534,Slight
46454,Slight
80769,Slight
67190,Slight
47524,Slight
43218,Slight
80422,Slight
62790,Slight
7561,Slight
7632,Slight
57038,Slight
38739,Slight
57138,Slight
26202,Slight
61525,Slight
84989,Slight
34924,Slight
85836,Slight
64106,Slight
55050,Slight
19748,Slight
48573,Slight
70645,Slight
32686,Slight
38455,Slight
26813,Slight
48835,Slight
5460,Slight
29771,Slight
77034,Slight
27922,Slight
10507,Slight
14549,Slight
86073,Slight
65980,Slight
78774,Slight
1651,Slight
38756,Slight
52568,Slight
27986,Slight
61766,Slight
82601,Slight
17542,Slight
13286,Slight
52942,Slight
29642,Slight
57628,Slight
63135,Slight
66878,Slight
66877,Slight
46455,Slight
63542,Slight
66865,Slight
71591,Slight
20267,Slight
18889,Slight
57629,Slight
18612,Slight
80419,Slight
4189,Slight
67351,Slight
87371,Slight
63008,Slight
3573,Slight
19413,Slight
56891,Slight
10315,Slight
18947,Slight
20660,Slight
58065,Slight
45068,Slight
38895,Slight
69051,Slight
10509,Slight
85484,Slight
52795,Slight
26091,Slight
47470,Slight
14194,Slight
27229,Slight
13904,Slight
35117,Slight
20378,Slight
10839,Slight
21174,Slight
26855,Slight
81562,Slight
14171,Slight
28783,Slight
13126,Slight
10961,Slight
68753,Slight
13125,Slight
50947,Slight
65323,Slight
37909,Slight
10314,Slight
63130,Slight
43779,Slight
57282,Slight
15634,Slight
13857,Slight
14550,Slight
64124,Slight
25236,Slight
67185,Slight
41346,Slight
4155,Slight
86025,Slight
64179,Slight
6439,Slight
28301,Slight
71191,Slight
18654,Slight
42820,Slight
43129,Slight
62820,Slight
51567,Slight
26853,Slight
13560,Slight
68444,Slight
47804,Slight
3965,Slight
80479,Slight
86423,Slight
78655,Slight
63013,Slight
87150,Slight
69729,Slight
60583,Slight
12734,Slight
972,Slight
21165,Slight
8802,Slight
77783,Slight
74609,Slight
14345,Slight
21620,Slight
2361,Slight
77225,Slight
48818,Slight
74609,Slight
42304,Slight
58079,Slight
27603,Slight
39071,Slight
66383,Slight
43779,Slight
68102,Slight
61158,Slight
35443,Slight
38628,Slight
1668,Slight
45581,Slight
69480,Slight
55483,Slight
4155,Slight
56749,Slight
3422,Slight
57247,Slight
82987,Slight
13669,Slight
72827,Slight
13256,Slight
47740,Slight
57040,Slight
84343,Slight
48374,Slight
250,Slight
43681,Slight
24989,Slight
46041,Slight
75884,Slight
4021,Slight
18431,Slight
43415,Slight
12734,Slight
60164,Slight
47337,Slight
71301,Slight
3580,Slight
60924,Slight
37926,Slight
248,Slight
51559,Slight
48818,Slight
30684,Slight
43077,Slight
55553,Slight
28658,Slight
78814,Slight
87421,Slight
47835,Slight
325,Slight
85085,Slight
251,Slight
79699,Slight
43768,Slight
51439,Slight
62847,Slight
81624,Slight
3421,Slight
75565,Slight
78661,Slight
69633,Slight
5606,Slight
4468,Slight
71389,Slight
86025,Slight
57629,Slight
26091,Slight
47376,Slight
18947,Slight
78164,Slight
67839,Slight
32266,Slight
55048,Slight
48553,Slight
48162,Slight
3783,Slight
43490,Slight
12432,Slight
15634,Slight
32589,Slight
55475,Slight
50947,Slight
79700,Slight
43777,Slight
48295,Slight
32606,Slight
63266,Slight
82837,Slight
67187,Slight
41875,Slight
35551,Slight
36330,Slight
86353,Slight
27229,Slight
34023,Slight
82599,Slight
64390,Slight
26202,Slight
11138,Slight
79761,Slight
20807,Slight
63580,Slight
52442,Slight
20764,Slight
67192,Slight
31998,Slight
7563,Slight
48295,Slight
17602,Slight
35948,Slight
48343,Slight
10873,Slight
22974,Slight
81006,Slight
33280,Slight
53298,Slight
63415,Slight
50250,Slight
10041,Slight
46688,Slight
48839,Slight
20919,Slight
28658,Slight
56148,Slight
64298,Slight
21365,Slight
52365,Slight
68077,Slight
6889,Slight
17542,Slight
52469,Slight
25155,Slight
27764,Slight
3016,Slight
82961,Slight
41549,Slight
10655,Slight
16702,Slight
22631,Slight
68145,Slight
84568,Slight
43327,Slight
13837,Slight
87150,Slight
71039,Slight
79999,Slight
52656,Slight
13663,Slight
534,Slight
47437,Slight
27574,Slight
28825,Slight
22098,Slight
32422,Slight
20118,Slight
47796,Slight
47161,Slight
58282,Slight
29642,Slight
65937,Slight
63529,Slight
6439,Slight
6442,Slight
73320,Slight
79820,Slight
87063,Slight
37221,Slight
37224,Slight
63532,Slight
80612,Slight
87998,Slight
85879,Slight
55229,Slight
38452,Slight
66877,Slight
62748,Slight
14190,Slight
63529,Slight
48213,Slight
36936,Slight
43503,Slight
74988,Slight
80872,Slight
48192,Slight
3812,Slight
3557,Slight
51262,Slight
51043,Slight
4018,Slight
47370,Slight
33858,Slight
38804,Slight
19414,Slight
25237,Slight
1668,Slight
79759,Slight
16091,Slight
18905,Slight
60605,Slight
35049,Slight
20910,Slight
21387,Slight
35950,Slight
40395,Slight
85416,Slight
20663,Slight
825,Slight
5056,Slight
43389,Slight
10124,Slight
37008,Slight
42593,Slight
50943,Slight
63013,Slight
72199,Slight
55541,Slight
14551,Slight
67348,Slight
14551,Slight
87097,Slight
45612,Slight
51997,Slight
43253,Slight
47812,Slight
78164,Slight
47471,Slight
57485,Slight
63132,Slight
58070,Slight
80769,Slight
32029,Slight
49244,Slight
43813,Slight
42820,Slight
29773,Slight
35769,Slight
12795,Slight
62127,Slight
13668,Slight
5413,Slight
47806,Slight
11502,Slight
20126,Slight
55046,Slight
79855,Slight
87485,Slight
82987,Slight
20003,Slight
13560,Slight
5491,Slight
43657,Slight
64330,Slight
54926,Slight
58035,Slight
5942,Slight
28771,Slight
83544,Slight
12752,Slight
66905,Slight
82961,Slight
60137,Slight
11138,Slight
51041,Slight
41874,Slight
78195,Slight
80872,Slight
61765,Slight
63642,Slight
53040,Slight
56096,Slight
68150,Slight
5471,Slight
57484,Slight
41527,Slight
81635,Slight
4189,Slight
37579,Slight
43078,Slight
2272,Slight
77223,Slight
15361,Slight
50581,Slight
48017,Slight
74085,Slight
52256,Slight
42596,Slight
47774,Slight
52773,Slight
10935,Slight
13030,Slight
14549,Slight
85101,Slight
75565,Slight
63490,Slight
3554,Slight
10123,Slight
67184,Slight
78305,Slight
42593,Slight
67384,Slight
3577,Slight
49507,Slight
57791,Slight
38925,Slight
29771,Slight
28328,Slight
38739,Slight
20807,Slight
16091,Slight
4200,Slight
43762,Slight
76289,Slight
38263,Slight
80871,Slight
54575,Slight
47369,Slight
74813,Slight
15634,Slight
14182,Slight
80851,Slight
74574,Slight
5288,Slight
38466,Slight
86076,Slight
57624,Slight
78650,Slight
63688,Slight
69133,Slight
53807,Slight
6602,Slight
60859,Slight
60860,Slight
4884,Slight
19034,Slight
10313,Slight
4895,Slight
66386,Slight
20755,Slight
3816,Slight
14594,Slight
84900,Slight
27917,Slight
21490,Slight
43771,Slight
87063,Slight
57791,Slight
43852,Slight
10041,Slight
24076,Slight
53276,Slight
11151,Slight
84942,Slight
58253,Slight
38927,Slight
47368,Slight
37926,Slight
6866,Slight
15362,Slight
18996,Slight
67181,Slight
58070,Slight
42820,Slight
20424,Slight
37979,Slight
52773,Slight
64139,Slight
47647,Slight
50900,Slight
6445,Slight
52195,Slight
40713,Slight
11133,Slight
22368,Slight
53005,Slight
41646,Slight
20707,Slight
86052,Slight
72541,Slight
82595,Slight
47370,Slight
67348,Slight
70915,Slight
64329,Slight
47836,Slight
27232,Slight
78658,Slight
11133,Slight
7948,Slight
72390,Slight
68078,Slight
76144,Slight
83526,Slight
80630,Slight
12786,Slight
77035,Slight
37911,Slight
37906,Slight
38447,Slight
2052,Slight
63011,Slight
48054,Slight
8585,Slight
60161,Slight
68142,Slight
67666,Slight
43768,Slight
78305,Slight
32800,Slight
85690,Slight
34695,Slight
84909,Slight
32470,Slight
26200,Slight
41877,Slight
37081,Slight
72502,Slight
63014,Slight
63904,Slight
57629,Slight
28920,Slight
5318,Slight
63140,Slight
80871,Slight
76004,Slight
47835,Slight
68537,Slight
5445,Slight
57860,Slight
68444,Slight
38454,Slight
42747,Slight
68444,Slight
57040,Slight
51038,Slight
41283,Slight
2885,Slight
3554,Slight
19386,Slight
6472,Slight
43491,Slight
19901,Slight
34966,Slight
42595,Slight
75674,Slight
78566,Slight
63905,Slight
72836,Slight
13350,Slight
34700,Slight
27460,Slight
5318,Slight
13782,Slight
17787,Slight
74277,Slight
68444,Slight
1547,Slight
75052,Slight
63995,Slight
69478,Slight
47469,Slight
67666,Slight
66865,Slight
48725,Slight
20423,Slight
67346,Slight
14181,Slight
43813,Slight
48283,Slight
50709,Slight
4458,Slight
60160,Slight
56893,Slight
33665,Slight
85790,Slight
64106,Slight
2658,Slight
11060,Slight
86909,Slight
8589,Slight
74724,Slight
43390,Slight
76006,Slight
30844,Slight
74723,Slight
80891,Slight
28371,Slight
42669,Slight
72198,Slight
63995,Slight
3768,Slight
20707,Slight
48282,Slight
66010,Slight
49507,Slight
20129,Slight
32800,Slight
28021,Slight
8818,Slight
47646,Slight
38739,Slight
15362,Slight
2971,Slight
21490,Slight
26813,Slight
14188,Slight
19933,Slight
57977,Slight
46676,Slight
58034,Slight
32470,Slight
18519,Slight
64124,Slight
30715,Slight
34041,Slight
83544,Slight
46455,Slight
46449,Slight
84947,Slight
67842,Slight
48015,Slight
68156,Slight
40929,Slight
43423,Slight
55483,Slight
50750,Slight
64108,Slight
37008,Slight
19886,Slight
73320,Slight
67192,Slight
63542,Slight
85836,Slight
62600,Slight
9486,Slight
10506,Slight
12516,Slight
1124,Slight
20976,Slight
48702,Assistance
70838,Assistance
63478,Assistance
30682,Assistance
12622,Assistance
21905,Assistance
63564,Assistance
63402,Assistance
41814,Assistance
5647,Assistance
70455,Assistance
83403,Assistance
48393,Assistance
50525,Assistance
60844,Assistance
85549,Assistance
64402,Assistance
26899,Assistance
7260,Assistance
49420,Assistance
62789,Assistance
37614,Assistance
19899,Assistance
52050,Assistance
28349,Assistance
13618,Assistance
79776,Assistance
42793,Assistance
36708,Assistance
80068,Assistance
37374,Assistance
60993,Assistance
25835,Assistance
84342,Assistance
76360,Assistance
86810,Assistance
50958,Assistance
20995,Assistance
67662,Assistance
29925,Assistance
7196,Assistance
43740,Assistance
85683,Assistance
80347,Assistance
47992,Assistance
47283,Assistance
68041,Assistance
4322,Assistance
84169,Assistance
16503,Assistance
56675,Assistance
66904,Assistance
20590,Assistance
87106,Assistance
18611,Assistance
48006,Assistance
3331,Assistance
37183,Assistance
83150,Assistance
81446,Assistance
75995,Assistance
87317,Assistance
5707,Assistance
27791,Assistance
43347,Assistance
83519,Assistance
60654,Assistance
9870,Assistance
60764,Assistance
34517,Assistance
68918,Assistance
56980,Assistance
51251,Assistance
37701,Assistance
80483,Assistance
71472,Assistance
6185,Assistance
79842,Assistance
11622,Assistance
8798,Assistance
83586,Assistance
55808,Assistance
42466,Assistance
79041,Assistance
74290,Assistance
83589,Assistance
21411,Assistance
70323,Assistance
55481,Assistance
80971,Assistance
76651,Assistance
41301,Assistance
9735,Assistance
76388,Assistance
70766,Assistance
27262,Assistance
26898,Assistance
78128,Assistance
86274,Assistance
83859,Assistance
70777,Assistance
73622,Assistance
3146,Assistance
74695,Assistance
43474,Assistance
32828,Assistance
48359,Assistance
36235,Assistance
3147,Assistance
80846,Assistance
83910,Assistance
72509,Assistance
38547,Assistance
2343,Assistance
20793,Assistance
83091,Assistance
42390,Assistance
38758,Assistance
14191,Assistance
79059,Assistance
24726,Assistance
32530,Assistance
28691,Assistance
8082,Assistance
73580,Assistance
42133,Assistance
35503,Assistance
28602,Assistance
56814,Assistance
9466,Assistance
6743,Assistance
22491,Assistance
20722,Assistance
12428,Assistance
67756,Assistance
3344,Assistance
29987,Assistance
688,Assistance
69451,Assistance
48684,Assistance
55551,Assistance
83910,Assistance
46842,Assistance
47569,Assistance
23141,Assistance
33835,Assistance
45970,Assistance
47667,Assistance
50986,Assistance
82223,Assistance
86906,Assistance
71387,Assistance
62121,Assistance
8079,Assistance
5291,Assistance
6478,Assistance
43583,Assistance
27174,Assistance
25080,Assistance
4820,Assistance
83555,Assistance
57831,Assistance
73112,Assistance
75277,Assistance
85405,Assistance
16524,Assistance
48228,Assistance
27506,Assistance
85019,Assistance
83556,Assistance
48279,Assistance
84719,Assistance
68270,Assistance
60653,Assistance
1031,Assistance
4111,Assistance
9528,Assistance
60135,Assistance
19193,Assistance
84735,Assistance
78345,Assistance
24906,Assistance
70928,Assistance
30683,Assistance
46002,Assistance
28768,Assistance
42811,Assistance
46371,Assistance
40942,Assistance
9527,Assistance
83090,Assistance
43329,Assistance
27763,Assistance
6080,Assistance
69387,Assistance
69625,Assistance
46367,Assistance
6061,Assistance
13358,Assistance
27702,Assistance
59884,Assistance
84172,Assistance
27701,Assistance
44363,Assistance
13561,Assistance
27318,Assistance
43930,Assistance
20047,Assistance
61759,Assistance
48229,Assistance
21565,Assistance
52497,Assistance
80349,Assistance
52394,Assistance
45635,Assistance
74289,Assistance
21258,Assistance
20082,Assistance
20234,Assistance
56205,Assistance
55039,Assistance
26377,Assistance
63899,Assistance
41347,Assistance
57417,Assistance
32342,Assistance
41348,Assistance
64190,Assistance
5306,Assistance
30641,Assistance
8698,Assistance
72463,Assistance
83125,Assistance
80331,Assistance
81462,Assistance
47777,Assistance
55485,Assistance
22489,Assistance
33909,Assistance
8637,Assistance
87204,Assistance
20048,Assistance
21414,Assistance
55054,Assistance
3610,Assistance
75662,Assistance
72135,Assistance
18992,Assistance
47490,Assistance
6081,Assistance
60136,Assistance
63787,Assistance
36592,Assistance
48384,Assistance
85119,Assistance
67343,Assistance
19009,Assistance
58182,Assistance
84341,Assistance
842,Assistance
223,Assistance
81451,Assistance
48384,Assistance
63999,Assistance
82547,Assistance
62860,Assistance
47132,Assistance
10862,Assistance
63264,Assistance
87145,Assistance
34648,Assistance
20792,Assistance
57546,Assistance
72465,Assistance
9545,Assistance
19003,Assistance
28171,Assistance
6586,Assistance
70822,Assistance
57909,Assistance
75854,Assistance
52258,Assistance
57293,Assistance
83518,Assistance
80593,Assistance
71596,Assistance
11610,Assistance
78039,Assistance
70455,Assistance
73020,Assistance
64401,Assistance
79763,Assistance
66214,Assistance
68147,Assistance
50838,Assistance
17144,Assistance
82454,Assistance
5708,Assistance
60763,Assistance
11558,Assistance
37011,Assistance
87204,Assistance
57301,Assistance
38505,Assistance
6311,Assistance
82222,Assistance
83196,Assistance
20005,Assistance
30258,Assistance
71267,Assistance
21412,Assistance
85786,Assistance
37615,Assistance
24690,Assistance
77845,Assistance
83275,Assistance
18544,Assistance
28916,Assistance
83585,Assistance
71721,Assistance
6939,Assistance
57842,Assistance
32530,Assistance
38222,Assistance
83901,Assistance
81512,Assistance
23428,Assistance
36232,Assistance
80895,Assistance
60465,Assistance
10400,Assistance
6942,Assistance
13219,Assistance
71187,Assistance
85404,Assistance
79611,Assistance
32699,Assistance
83556,Assistance
78955,Assistance
16842,Assistance
56956,Assistance
6862,Assistance
5710,Assistance
75371,Assistance
50979,Assistance
42132,Assistance
27780,Assistance
16773,Assistance
80850,Assistance
32283,Assistance
70476,Assistance
30913,Assistance
43769,Assistance
80589,Assistance
45751,Assistance
5410,Assistance
75663,Assistance
48383,Assistance
47891,Assistance
42742,Assistance
15380,Assistance
46219,Assistance
60988,Assistance
5401,Assistance
86906,Assistance
10644,Assistance
43246,Assistance
66004,Assistance
57474,Assistance
17740,Assistance
69337,Assistance
13220,Assistance
15378,Assistance
68996,Assistance
4337,Assistance
43654,Assistance
9618,Assistance
53306,Assistance
50247,Assistance
66676,Assistance
42285,Assistance
56645,Assistance
75559,Assistance
19317,Assistance
43371,Assistance
31055,Assistance
9351,Assistance
20166,Assistance
77361,Assistance
66452,Assistance
80310,Assistance
13221,Assistance
596,Assistance
76174,Assistance
6683,Assistance
19852,Assistance
83876,Assistance
55480,Assistance
57985,Assistance
38143,Assistance
34781,Assistance
19000,Assistance
81445,Assistance
74729,Assistance
4486,Assistance
46013,Assistance
29924,Assistance
53305,Assistance
77975,Assistance
27931,Assistance
52524,Assistance
10385,Assistance
42255,Assistance
21626,Assistance
66215,Assistance
85206,Assistance
66772,Assistance
57839,Assistance
883,Assistance
82267,Assistance
76383,Assistance
74696,Assistance
7043,Assistance
28859,Assistance
55262,Assistance
28005,Assistance
85363,Assistance
30249,Assistance
20975,Assistance
79775,Assistance
74858,Assistance
60815,Assistance
11909,Assistance
71471,Assistance
34024,Assistance
83555,Assistance
28845,Assistance
79575,Assistance
6327,Assistance
54938,Assistance
22617,Assistance
15947,Assistance
12387,Assistance
37722,Assistance
9531,Assistance
21384,Assistance
4195,Assistance
46280,Assistance
52260,Assistance
57020,Assistance
57910,Assistance
85828,Assistance
36563,Assistance
71268,Assistance
74726,Assistance
6440,Assistance
37510,Assistance
63565,Assistance
72642,Assistance
12943,Assistance
56091,Assistance
72642,Assistance
60303,Assistance
42966,Assistance
60897,Assistance
68741,Assistance
35680,Assistance
86036,Assistance
73579,Assistance
80244,Assistance
80594,Assistance
80970,Assistance
18831,Assistance
87854,Assistance
85934,Assistance
83091,Assistance
43132,Assistance
57912,Assistance
42457,Assistance
86930,Assistance
5357,Assistance
41302,Assistance
70454,Assistance
47882,Assistance
66470,Assistance
28006,Assistance
21412,Assistance
86932,Assistance
69656,Assistance
51549,Assistance
81039,Assistance
83590,Assistance
66190,Assistance
823,Assistance
41499,Assistance
597,Assistance
13619,Assistance
69455,Assistance
1225,Assistance
38350,Assistance
12436,Assistance
47360,Assistance
68448,Assistance
52319,Assistance
43428,Assistance
40550,Assistance
32879,Assistance
38083,Assistance
55230,Assistance
88245,Assistance
48316,Assistance
68936,Assistance
46616,Assistance
45390,Assistance
22147,Assistance
51127,Assistance
2571,Assistance
41218,Assistance
38061,Assistance
31357,Assistance
34570,Assistance
83533,Assistance
18997,Assistance
46462,Assistance
25667,Assistance
50453,Assistance
30825,Assistance
87146,Assistance
57348,Assistance
56974,Assistance
78197,Assistance
82579,Assistance
55072,Assistance
68269,Assistance
27183,Assistance
71469,Assistance
83857,Assistance
19898,Assistance
83124,Assistance
8081,Assistance
70821,Assistance
9532,Assistance
3611,Assistance
21171,Assistance
45707,Assistance
85692,Assistance
56305,Assistance
62122,Assistance
35187,Assistance
4323,Assistance
57587,Assistance
69632,Assistance
82145,Assistance
6938,Assistance
80310,Assistance
56045,Assistance
38365,Assistance
21821,Assistance
84173,Assistance
45774,Assistance
52261,Assistance
63686,Assistance
10384,Assistance
18150,Assistance
50724,Assistance
52906,Assistance
87937,Assistance
76284,Assistance
68875,Assistance
13206,Assistance
2273,Assistance
41379,Assistance
70200,Assistance
42300,Assistance
38544,Assistance
25065,Assistance
83493,Assistance
34575,Assistance
62400,Assistance
75868,Assistance
27452,Assistance
62518,Assistance
28685,Assistance
34280,Assistance
68104,Assistance
28911,Assistance
54549,Assistance
26306,Assistance
86930,Assistance
72837,Assistance
8135,Assistance
48285,Assistance
564,Assistance
72134,Assistance
60992,Assistance
66009,Assistance
84168,Assistance
83547,Assistance
68874,Assistance
72588,Assistance
58118,Assistance
56178,Assistance
9352,Assistance
47491,Assistance
78149,Assistance
52262,Assistance
47891,Assistance
68449,Assistance
86485,Assistance
80070,Assistance
75999,Assistance
25595,Assistance
6082,Assistance
33911,Assistance
79060,Assistance
82510,Assistance
80311,Assistance
68338,Assistance
29986,Assistance
67105,Assistance
1941,Assistance
22979,Assistance
83586,Assistance
6441,Assistance
66471,Assistance
33856,Assistance
28914,Assistance
34573,Assistance
79060,Assistance
16915,Assistance
35180,Assistance
37924,Assistance
13919,Assistance
35217,Assistance
86031,Assistance
49800,Assistance
57626,Assistance
66143,Assistance
54095,Assistance
57373,Assistance
87361,Assistance
12427,Assistance
5535,Assistance
49918,Assistance
46775,Assistance
16502,Assistance
70761,Assistance
6861,Assistance
21172,Assistance
12395,Assistance
35503,Assistance
12984,Assistance
25836,Assistance
79421,Assistance
83887,Assistance
83128,Assistance
69363,Assistance
67294,Assistance
41375,Assistance
82959,Assistance
50248,Assistance
63562,Assistance
31280,Assistance
34025,Assistance
6863,Assistance
27790,Assistance
63608,Assistance
75997,Assistance
87316,Assistance
3825,Assistance
61759,Assistance
68338,Assistance
86907,Assistance
55511,Assistance
79762,Assistance
62749,Assistance
4326,Assistance
79397,Assistance
55481,Assistance
10257,Assistance
37375,Assistance
11106,Assistance
69484,Assistance
36860,Assistance
48287,Assistance
83151,Assistance
23674,Assistance
84827,Assistance
5411,Assistance
56799,Assistance
52518,Assistance
884,Assistance
68584,Assistance
28210,Assistance
11611,Assistance
53560,Assistance
48399,Assistance
34571,Assistance
32651,Assistance
2177,Assistance
71710,Assistance
42346,Assistance
36233,Assistance
974,Assistance
21822,Assistance
63475,Assistance
3555,Assistance
78875,Assistance
28860,Assistance
80847,Assistance
26376,Assistance
37566,Assistance
83588,Assistance
19564,Assistance
48284,Assistance
37076,Assistance
86336,Assistance
83129,Assistance
42310,Assistance
77692,Assistance
57606,Assistance
52253,Assistance
20169,Assistance
63493,Assistance
84718,Assistance
55255,Assistance
6426,Assistance
52430,Assistance
45262,Assistance
78548,Assistance
42778,Assistance
75675,Assistance
60861,Assistance
24691,Assistance
83588,Assistance
41526,Assistance
68110,Assistance
32830,Assistance
13856,Assistance
63516,Assistance
77111,Assistance
56957,Assistance
81531,Assistance
52855,Assistance
57070,Assistance
57561,Assistance
46152,Assistance
57911,Assistance
32829,Assistance
36402,Assistance
46153,Assistance
70927,Assistance
42256,Assistance
28908,Assistance
27701,Assistance
32531,Assistance
66138,Assistance
28746,Assistance
6085,Assistance
85427,Assistance
81603,Assistance
53804,Assistance
11908,Assistance
19002,Assistance
29518,Assistance
6473,Assistance
37821,Assistance
55479,Assistance
25065,Assistance
84647,Assistance
23431,Assistance
34273,Assistance
57435,Assistance
72200,Assistance
13253,Assistance
86809,Assistance
51335,Assistance
20073,Assistance
70610,Assistance
27450,Assistance
52682,Assistance
25129,Assistance
85787,Assistance
79874,Assistance
7042,Assistance
3703,Assistance
71473,Assistance
82603,Assistance
26086,Assistance
50911,Assistance
30642,Assistance
4158,Assistance
47937,Assistance
71946,Assistance
32986,Assistance
21413,Assistance
64293,Assistance
71739,Assistance
43885,Assistance
24081,Assistance
6474,Assistance
10097,Assistance
84350,Assistance
1032,Assistance
16052,Assistance
81917,Assistance
75667,Assistance
84013,Assistance
83641,Assistance
4323,Assistance
16578,Assistance
75865,Assistance
55486,Assistance
891,Assistance
19004,Assistance
83244,Assistance
48383,Assistance
67428,Assistance
87191,Assistance
77429,Assistance
69845,Assistance
74812,Assistance
69447,Assistance
52856,Assistance
51217,Assistance
63399,Assistance
22925,Assistance
64241,Assistance
71740,Assistance
79957,Assistance
16016,Assistance
21733,Assistance
6744,Assistance
55329,Assistance
20368,Assistance
41762,Assistance
18775,Assistance
84488,Assistance
17554,Assistance
37669,Assistance
6922,Assistance
25033,Assistance
62869,Assistance
79774,Assistance
80537,Assistance
79584,Assistance
8531,Assistance
68741,Assistance
62710,Assistance
80208,Assistance
46372,Assistance
57556,Assistance
43783,Assistance
37334,Assistance
86305,Assistance
83232,Assistance
46359,Assistance
21413,Assistance
42597,Assistance
14184,Assistance
77440,Assistance
86485,Assistance
66213,Assistance
63401,Assistance
78775,Assistance
687,Assistance
78666,Assistance
46253,Assistance
12842,Assistance
23899,Assistance
25478,Assistance
6169,Assistance
47623,Assistance
55478,Assistance
11620,Assistance
57503,Assistance
24463,Assistance
43857,Assistance
33861,Assistance
21823,Assistance
35713,Assistance
61854,Assistance
1942,Assistance
66217,Assistance
81748,Assistance
6012,Assistance
47883,Assistance
24981,Assistance
52050,Assistance
46370,Assistance
66090,Assistance
60466,Assistance
37700,Assistance
83160,Assistance
35186,Assistance
52761,Assistance
45641,Assistance
85550,Assistance
64111,Assistance
72201,Assistance
77064,Assistance
82578,Assistance
74383,Assistance
10349,Assistance
76694,Assistance
76292,Assistance
9538,Assistance
42609,Assistance
52961,Assistance
13510,Assistance
60651,Assistance
9871,Assistance
15392,Assistance
71946,Assistance
62861,Assistance
47362,Assistance
41812,Assistance
57586,Assistance
36403,Assistance
19328,Assistance
3936,Assistance
8638,Assistance
83402,Assistance
43074,Assistance
67663,Assistance
88245,Assistance
69423,Assistance
10760,Assistance
86271,Assistance
68146,Assistance
85252,Assistance
79585,Assistance
42002,Assistance
2178,Assistance
82410,Assistance
55473,Assistance
80312,Assistance
60758,Assistance
56090,Assistance
83587,Assistance
69476,Assistance
46844,Assistance
32323,Assistance
48315,Assistance
22148,Assistance
35012,Assistance
6328,Assistance
21411,Assistance
28005,Assistance
13757,Assistance
50986,Assistance
80311,Assistance
55338,Assistance
12744,Assistance
74369,Assistance
68111,Assistance
14344,Assistance
48483,Assistance
62183,Assistance
61063,Assistance
18537,Assistance
80855,Assistance
37159,Assistance
37565,Assistance
74727,Assistance
48037,Assistance
37010,Assistance
6864,Assistance
18149,Assistance
66328,Assistance
69485,Assistance
55457,Assistance
48521,Assistance
37160,Assistance
74133,Assistance
12377,Assistance
46931,Assistance
55879,Assistance
52905,Assistance
11811,Assistance
52617,Assistance
13760,Assistance
72303,Assistance
24905,Assistance
639,Assistance
78668,Assistance
7925,Assistance
70323,Assistance
36381,Assistance
43345,Assistance
12944,Assistance
11451,Assistance
47785,Assistance
21172,Assistance
5648,Assistance
41810,Assistance
80312,Assistance
34485,Assistance
69047,Assistance
63518,Assistance
29927,Assistance
68076,Assistance
29419,Assistance
76416,Assistance
74218,Assistance
47935,Assistance
46394,Assistance
37012,Assistance
8102,Assistance
53325,Assistance
63492,Assistance
9734,Assistance
84347,Assistance
72710,Assistance
20553,Assistance
47355,Assistance
4079,Assistance
28906,Assistance
79059,Assistance
64240,Assistance
20233,Assistance
7670,Assistance
28350,Assistance
54936,Assistance
79574,Assistance
80896,Assistance
30141,Assistance
9542,Assistance
31613,Assistance
46930,Assistance
15950,Assistance
46079,Assistance
78667,Assistance
70324,Assistance
81459,Assistance
64401,Assistance
43330,Assistance
15812,Assistance
72839,Assistance
87607,Assistance
72135,Assistance
1064,Assistance
85827,Assistance
36062,Assistance
48314,Assistance
64006,Assistance
33276,Assistance
20234,Assistance
66352,Assistance
49446,Assistance
87147,Assistance
72838,Assistance
19364,Assistance
17145,Assistance
64211,Assistance
67427,Assistance
41501,Assistance
74368,Assistance
45708,Assistance
28909,Assistance
48317,Assistance
46379,Assistance
56815,Assistance
43732,Assistance
30824,Assistance
80212,Assistance
82334,Assistance
28861,Assistance
43584,Assistance
66212,Assistance
42287,Assistance
20997,Assistance
9540,Assistance
53273,Assistance
64146,Assistance
18989,Assistance
57140,Assistance
83728,Assistance
71470,Assistance
79612,Assistance
66677,Assistance
42967,Assistance
64203,Assistance
84536,Assistance
41808,Assistance
3452,Assistance
27154,Assistance
38759,Assistance
43931,Assistance
70748,Assistance
63788,Assistance
27793,Assistance
974,Assistance
45691,Assistance
55231,Assistance
75990,Assistance
84208,Assistance
86037,Assistance
15948,Assistance
36854,Assistance
32285,Assistance
28734,Assistance
75886,Assistance
18301,Assistance
52259,Assistance
28258,Assistance
26307,Assistance
83587,Assistance
38164,Assistance
37184,Assistance
46846,Assistance
41236,Assistance
66003,Assistance
71474,Assistance
18545,Assistance
14079,Assistance
28601,Assistance
75991,Assistance
47379,Assistance
15270,Assistance
66771,Assistance
35712,Assistance
70820,Assistance
68040,Assistance
7667,Assistance
28913,Assistance
27792,Assistance
78442,Assistance
76383,Assistance
11927,Assistance
75994,Assistance
6083,Assistance
18998,Assistance
80489,Assistance
19005,Assistance
38815,Assistance
38142,Assistance
85354,Assistance
16704,Assistance
52380,Assistance
18991,Assistance
16843,Assistance
10720,Assistance
27851,Assistance
24079,Assistance
9539,Assistance
51046,Assistance
33118,Assistance
69447,Assistance
48333,Assistance
33275,Assistance
56304,Assistance
11305,Assistance
51548,Assistance
64242,Assistance
15811,Assistance
64019,Assistance
78665,Assistance
7668,Assistance
8103,Assistance
84170,Assistance
37668,Assistance
37580,Assistance
6060,Assistance
81459,Assistance
57815,Assistance
24463,Assistance
34177,Assistance
74396,Assistance
62712,Assistance
9535,Assistance
42254,Assistance
31172,Assistance
24348,Assistance
63592,Assistance
77799,Assistance
4809,Assistance
31449,Assistance
59912,Assistance
15121,Assistance
56254,Assistance
53231,Assistance
82960,Assistance
9536,Assistance
29926,Assistance
11621,Assistance
51185,Assistance
20875,Assistance
38681,Assistance
4055,Assistance
6326,Assistance
6698,Assistance
4038,Assistance
80331,Assistance
27474,Assistance
35181,Assistance
35504,Assistance
35346,Assistance
47356,Assistance
34720,Assistance
68585,Assistance
8821,Assistance
74766,Assistance
70324,Assistance
5344,Assistance
19333,Assistance
17134,Assistance
86931,Assistance
55452,Assistance
3799,Assistance
48772,Assistance
85119,Assistance
57460,Assistance
79956,Assistance
4561,Assistance
56303,Assistance
41524,Assistance
56646,Assistance
42299,Assistance
83911,Assistance
45690,Assistance
38165,Assistance
84427,Assistance
79773,Assistance
15152,Assistance
47359,Assistance
57913,Assistance
43653,Assistance
57682,Assistance
71165,Assistance
28004,Assistance
43733,Assistance
19008,Assistance
72591,Assistance
42879,Assistance
52399,Assistance
80490,Assistance
2342,Assistance
76767,Assistance
68084,Assistance
28858,Assistance
78041,Assistance
42558,Assistance
57843,Assistance
53805,Assistance
13359,Assistance
84753,Assistance
85067,Assistance
63677,Assistance
34043,Assistance
28209,Assistance
11070,Assistance
20555,Assistance
28685,Assistance
55267,Assistance
2572,Assistance
73579,Assistance
3826,Assistance
38906,Assistance
77519,Assistance
33363,Assistance
64294,Assistance
48554,Assistance
67043,Assistance
63560,Assistance
64018,Assistance
63608,Assistance
78669,Assistance
85840,Assistance
64148,Assistance
48678,Assistance
58119,Assistance
83869,Assistance
9543,Assistance
67293,Assistance
19316,Assistance
17885,Assistance
43337,Assistance
73523,Assistance
36230,Assistance
76650,Assistance
37822,Assistance
22348,Assistance
80257,Assistance
44029,Assistance
28915,Assistance
42413,Assistance
50910,Assistance
28912,Assistance
9530,Assistance
82386,Assistance
37051,Assistance
79457,Assistance
83589,Assistance
46726,Assistance
41811,Assistance
66343,Assistance
25420,Assistance
26063,Assistance
50526,Assistance
17533,Assistance
42091,Assistance
28910,Assistance
10350,Assistance
74001,Assistance
80896,Assistance
70454,Assistance
82333,Assistance
87205,Assistance
45708,Assistance
14575,Assistance
55246,Assistance
10387,Assistance
4346,Assistance
80482,Assistance
11551,Assistance
71278,Assistance
10386,Assistance
34178,Assistance
21171,Assistance
82146,Assistance
39710,Assistance
85935,Assistance
72869,Assistance
27339,Assistance
5356,Assistance
59911,Assistance
43329,Assistance
50790,Assistance
69476,Assistance
48277,Assistance
47782,Assistance
72861,Assistance
35347,Assistance
33277,Assistance
73720,Assistance
80211,Assistance
12620,Assistance
6362,Assistance
14192,Assistance
60191,Assistance
60358,Assistance
27873,Assistance
32650,Assistance
3935,Assistance
28006,Assistance
35205,Assistance
55073,Assistance
84827,Assistance
20233,Assistance
55785,Assistance
80067,Assistance
81452,Assistance
42458,Assistance
31872,Assistance
14183,Assistance
57461,Assistance
54905,Assistance
43536,Assistance
4322,Assistance
48276,Assistance
57179,Assistance
12857,Assistance
71466,Assistance
80897,Assistance
86270,Assistance
60845,Assistance
28259,Assistance
3642,Assistance
9529,Assistance
29517,Assistance
85739,Assistance
68935,Assistance
27781,Assistance
37509,Assistance
42093,Assistance
78819,Assistance
38630,Assistance
37157,Assistance
19001,Assistance
20974,Assistance
84075,Assistance
8460,Assistance
33278,Assistance
69362,Assistance
15156,Assistance
8080,Assistance
87361,Assistance
25060,Assistance
22714,Assistance
7156,Assistance
52641,Assistance
38242,Assistance
51184,Assistance
8076,Assistance
83096,Assistance
42879,Assistance
46727,Assistance
75130,Assistance
38930,Assistance
74837,Assistance
53205,Assistance
85362,Assistance
32531,Assistance
81625,Assistance
27280,Assistance
41625,Assistance
77439,Assistance
57586,Assistance
79614,Assistance
23645,Assistance
66653,Assistance
7690,Assistance
74836,Assistance
563,Assistance
14185,Assistance
79930,Assistance
70776,Assistance
79069,Assistance
75676,Assistance
71397,Assistance
38365,Assistance
60647,Assistance
75917,Assistance
64188,Assistance
76757,Assistance
86030,Assistance
80066,Assistance
2157,Assistance
47936,Assistance
20081,Assistance
51183,Assistance
80888,Assistance
75956,Assistance
60839,Assistance
3549,Assistance
37158,Assistance
9544,Assistance
18990,Assistance
87576,Assistance
37521,Assistance
27338,Assistance
82172,Assistance
37721,Assistance
38940,Assistance
80849,Assistance
10940,Assistance
77691,Assistance
83641,Assistance
83126,Assistance
22980,Assistance
76358,Assistance
63900,Assistance
19194,Assistance
63477,Assistance
34020,Assistance
51218,Assistance
